0,0,0.839284821237676,0,0,0.369282082546684,0,0,0.50709448023537,0,1
0,0.760081905145401,0.813492927814473,0,0.913431797575855,0,0,0,0,0,1
0,0,0.190487060423576,0,0.324457475284684,0.288313274165688,0.381922526953055,0,0,0,0
0,0,0,0,0.704590473744609,0,0,0.468620341049707,0.549854456393625,0,1
0.626806474629817,0,0.633728242689757,0,0,0,0,0.697849904956231,0,0.217591336077049,1
0,0,0,0,0,0,0,0,0,0,0
0,0,0,0,0,0,0,0,0.731162008891848,0,0
0,0,0,0.372184716021695,0.913955118185522,0,0,0.993209822409571,0.062389486584422,0,1
0,0,0,0.802419967191882,0.371604195745569,0.768242907811253,0.859838787213843,0,0.977535386472433,0,1
0,0,0.550701373550791,0,0,0,0,0,0,0.328150083800764,0
0,0,0.486115184851237,0,0.949136116267658,0.027371564342622,0,0,0.004582823387718,0,1
0,0,0,0,0,0,0.315503695720729,0,0,0,0
0,0,0,0,0,0,0,0,0,0,0
0,0,0,0,0,0.03290980958537,0,0,0,0.912349854060122,0
0,0,0,0.461896845484408,0.33353124169918,0.064135992389969,0.794825261729393,0,0.819177221179734,0,1
0,0,0.555843733240861,0,0,0,0.719079431315288,0.252582203403173,0.134132357678712,0,1
0,0,0,0,0,0.407462028849267,0,0,0,0,0
0.944494410872429,0,0,0,0,0,0.253367605115986,0,0,0.669163851648313,1
0,0,0.407791378719947,0,0.741992778283475,0,0,0,0,0.312497688830203,1
0,0.905439907933754,0.511624911310051,0,0,0,0,0,0,0.492546815198755,1
0,0,0,0.323847048496097,0,0.5301362276128,0,0,0,0.750686296384514,1
0.856701175832287,0.070817948167694,0,0.565124717227502,0,0.272640003237598,0,0.957081086920428,0.348987227266786,0,1
0,0,0,0,0,0,0.907864589998594,0,0.688599260544009,0.516962120819972,1
0,0,0,0,0,0,0.502669153759245,0,0,0,0
0,0,0,0.017598334260725,0.594942481631132,0,0,0.422008800979459,0,0,0
0,0,0.077805172142204,0,0,0,0,0.544751454949538,0,0.597305944539642,0
0.672986591592429,0,0,0.38503128428155,0,0,0,0.607931425985936,0,0,1
0,0,0.450035738582885,0.993668046231364,0,0,0,0,0.836703389958024,0,1
0,0.004992065786717,0.072015481673772,0,0,0,0,0,0,0.17957482941679,0
0.646134268671124,0,0.429006549856499,0,0,0,0.547408479504369,0,0.080801257389368,0,1
0.10765584636071,0,0.641175866489867,0.564353301232847,0,0.056539694177462,0,0,0,0,0
0.912811195454317,0.502991410227912,0,0.071867016724306,0,0,0,0,0,0,1
0,0,0,0,0,0,0,0,0,0.178152587623621,0
0,0,0,0,0,0,0.677246430082669,0,0,0.011031603816012,0
0.109792439346448,0,0.612424222601394,0,0.962204833335298,0,0,0.587628453332706,0,0.572011668616862,1
0,0.271708748396105,0.98160476693655,0,0,0.435569098666367,0,0,0.613530801285887,0.266551507723816,1
0,0.489154163413232,0,0.937417141590888,0.07715149903877,0,0,0,0,0.624869837264464,1
0,0,0.311742236873353,0,0,0.911953949464495,0.01953917841428,0,0.410758901196366,0.926312320956554,1
0.255965234951884,0,0,0.220885596605433,0,0,0,0,0.064382352910356,0,0
0.08367004122693,0,0,0,0,0,0,0,0,0,0
0,0,0,0.109925438263589,0,0,0,0,0,0,0
0,0,0,0.187574204366685,0,0,0,0,0,0,0
0,0,0,0.273081295009321,0,0,0,0,0,0.266364850339222,0
0.735988207306899,0,0,0.636222496954632,0,0,0.320629202222703,0.902730291875708,0.696749547497365,0,1
0,0,0,0,0,0,0.376542847472937,0.226928514456662,0,0.464251457801079,0
0,0,0,0,0,0,0,0,0.571274569212205,0,0
0,0,0.243057110858355,0.282110318046206,0,0,0,0.599190196931817,0,0,0
0,0,0,0.666520806412666,0,0,0.566218495153324,0.809193216004635,0,0,1
0.075385015918056,0,0,0.755672492294413,0,0,0,0.677284457855946,0.236269690923904,0,1
0,0,0,0.72748804111953,0,0.606032674878409,0,0.322549459080725,0,0,1
0.484372967200125,0,0,0.136504232832889,0,0,0,0,0,0.531925640424567,0
0,0.95619556324189,0.947974180035659,0,0.384846025326103,0.474755844160623,0,0,0,0,1
0,0,0,0.631426193406473,0.95899389886629,0,0,0,0.362824508984709,0.438012210462731,1
0,0,0,0.904891579490705,0,0,0.657734532506583,0.282171830126506,0,0,1
0,0,0,0,0,0,0.857985873028574,0,0,0,0
0,0,0.158937125452407,0,0.446875787388041,0,0,0,0,0,0
0,0.792710977606979,0.427706830240056,0,0,0,0.966831360957203,0,0,0,1
0,0,0,0.689268402572513,0,0,0,0.381598736342695,0.948484168100829,0.871723102892216,1
0,0,0,0,0,0.493943401506835,0,0,0,0,0
0.336514064056651,0,0,0,0,0,0,0,0.29988183556158,0,0
0.74409315370939,0.467640162495229,0,0,0,0,0,0,0,0.564242723876703,1
0.35272534792745,0.795420045076518,0.61688280735967,0,0,0,0.218756036274407,0,0,0,1
0,0.49167299897787,0,0,0,0.387231109215758,0,0,0,0,0
0.460713400064313,0.263516668724553,0,0.895005046505362,0,0,0.681323088040046,0,0,0.607580877158169,1
0,0,0,0,0,0,0.542553650159731,0,0.989638679084144,0.851402270778808,1
0,0.837086356103047,0,0,0,0.427312317291247,0,0.527486640372974,0,0,1
0,0,0.709756507929829,0,0,0.185189259567201,0,0,0,0,0
0,0,0,0,0,0.46954342670624,0.39258319392799,0,0,0,0
0,0,0.168373775580558,0.39022725693113,0.235002639538718,0,0,0,0.015816380542561,0,0
0.507645921559933,0,0,0,0,0,0.606543220684135,0,0,0,0
0,0,0,0,0.919247330549372,0,0,0.105158362333106,0,0,0
0,0,0,0,0,0.115591892789733,0,0.623377600064492,0,0,0
0,0,0.074139231428201,0,0,0.98932671297885,0,0.083213668094793,0.251525780486187,0,0
0.249546247084241,0,0.900801670167727,0,0,0,0,0.162745224074119,0,0,0
0,0,0,0.164379193046963,0.727262690515878,0,0,0.419243007201667,0,0,0
0,0.986978755088984,0,0,0.031388343239553,0.272896947590988,0,0,0,0.140264870721299,1
0.601766266042497,0,0,0.410929571922295,0,0,0,0.876594306607925,0,0,1
0,0,0.173855917541446,0,0,0,0,0,0,0,0
0,0,0,0,0,0,0,0,0,0,0
0.284934281561427,0,0.278368362822817,0,0.22864654083215,0,0,0,0.374260263665222,0,0
0,0.658232614634534,0.558421952916285,0,0,0,0,0,0.908087756490846,0,1
0.688425176913776,0,0,0,0,0,0.080856204355661,0.468194215026076,0.270418451678655,0.162840638103878,1
0.271711557549616,0,0,0,0,0,0,0.113527232937037,0,0,0
0,0,0,0,0,0.013312177813499,0.915138064279637,0,0,0,0
0,0,0.6297195309591,0.223625070419898,0,0.409748430947789,0,0,0,0,0
0.19412068623569,0.000496731606756,0,0,0,0,0,0,0,0,0
0,0,0,0,0,0,0,0,0,0,0
0,0,0,0,0,0,0,0.004391941500337,0,0.610896944559476,0
0,0,0,0.313203061506631,0,0.993100591330074,0.642762549046348,0,0,0,1
0.349994146937608,0.891115043121616,0,0.685749064884917,0,0,0,0,0,0,1
0.597066464277847,0,0,0,0,0,0,0,0,0.618383195291159,0
0.198639472472022,0,0,0,0.523544094151012,0,0.878412493386039,0,0,0,1
0,0.802013779598836,0.461605416633715,0,0,0,0,0.842108885321414,0,0,1
0,0,0,0,0,0,0.935571230972182,0,0,0.575700961612098,1
0.987656867230989,0,0.383616511298973,0,0.844662460131168,0.584557882106034,0,0,0,0,1
0.831939115821463,0,0,0.909638627115287,0.432213619409449,0,0,0,0,0,1
0,0,0,0.667280452232205,0,0,0,0.117784596353043,0,0,0
0,0,0,0,0,0,0,0.254945420979461,0,0.941197718443702,0
0.935851938829643,0,0,0.705274166335148,0,0,0,0,0,0,1
0,0,0,0,0,0.426435340717641,0,0,0,0,0
0,0,0,0,0,0,0,0.710281073676636,0.393592305613951,0,0
0.869119993158949,0,0,0.745768988009939,0,0,0,0,0.623904146781025,0,1
0.015597004234367,0.777698981446959,0,0,0,0,0,0,0,0.407464633371272,0
0,0,0,0.543458576549106,0,0,0,0,0.232884139975704,0,0
0.513450677199699,0,0,0.473988549721715,0,0,0.839150955390642,0.462308855508784,0,0.860756189882634,1
0,0,0,0.591865410009839,0,0,0.349073859418735,0.021964511140016,0.80602979140981,0.579835159130308,1
0.643964291398367,0.998219068968505,0,0,0,0,0,0,0.041716317829186,0.08540063212221,1
0,0,0,0,0,0,0,0,0,0.414169451997579,0
0.648818156782129,0,0.839449533589141,0,0.347832487817189,0,0,0,0.547493281446905,0,1
0.519545976301064,0,0.853633779807286,0.505954895677629,0,0.816235331599282,0.369398305269639,0,0,0,1
0.982746022360648,0.93336242587109,0,0.551030589464682,0.680251948681411,0,0,0,0,0,1
0,0.173076671641368,0,0.433354493059522,0,0.166660715228493,0.510293545010385,0,0,0.043357795643915,0
0.873827918700836,0,0,0,0,0,0,0,0,0,0
0.963743419074942,0,0,0,0,0,0,0,0,0.80866240606179,1
0,0,0,0.087421558838632,0,0,0,0,0,0,0
0.000177004093607,0,0,0,0,0.315048442877636,0.830373968393368,0,0.17040481881875,0,0
0.930391528534964,0.377950119804028,0.536674990703993,0,0,0.457116221347868,0.79980014103079,0.80338012306296,0.296547514453738,0.262546832594993,1
0,0,0,0,0,0,0,0,0,0,0
0,0,0,0,0,0,0.812064790347762,0,0,0,0
0,0,0,0,0.848336560101756,0,0.768585555541151,0.951452877654072,0,0,1
0.022790195380664,0,0,0,0,0.913184598585024,0,0,0,0.038716071161749,0
0.312639993500929,0,0.596278458829236,0.992633448090454,0,0,0,0.612090560464288,0,0.449616197171881,1
0,0,0,0,0,0.225144400781022,0,0.976431708815353,0,0,0
0,0.059322538875292,0,0,0,0.741951050439272,0,0,0,0,0
0,0,0.675886056670124,0,0,0,0.599682947463338,0,0.299550555682106,0.578718451707384,1
0,0,0.528412273774222,0,0,0,0,0,0,0,0
0,0.137430504099148,0.449210306812979,0.201572708213386,0,0,0.207083623674185,0.600605215893487,0,0,1
0,0.389501493861474,0,0.170804685745394,0,0,0.917352219326554,0.223212271357308,0,0,1
0,0,0,0,0,0,0,0,0,0,0
0.788452809481254,0.687105452726832,0.629121785290181,0.240987302966747,0,0,0,0,0.29710714976267,0,1
0,0,0.536575700117526,0,0,0,0,0,0,0,0
0,0,0.621552379022625,0,0.822551062542564,0,0,0,0,0,1
0.012270194724552,0,0.278367389172205,0,0,0,0.475032533444301,0.295691166276143,0,0,0
0,0,0,0.796775631290177,0.806092367470066,0.318122278831766,0,0.815409498612491,0.976612680796646,0.424217867378777,1
0,0.292899415817615,0,0,0,0,0,0,0,0,0
0,0,0.772978038970056,0,0,0,0.460832256162482,0.383895115601176,0,0,1
0,0,0,0.413692272451671,0,0,0,0,0,0,0
0,0.125855342262681,0,0.138824141970016,0,0,0,0,0,0,0
0,0,0.124478728145033,0,0,0,0,0,0,0,0
0,0,0,0,0,0,0,0.792164904419059,0,0,0
0,0.313566348667688,0,0,0,0,0,0,0,0.710442379361626,0
0,0,0,0,0,0.213182293676827,0.811089955939211,0,0,0,0
0,0,0,0,0,0,0.039974709754645,0,0.348341843132226,0.234771841822967,0
0.437819202754474,0.856228699581041,0.149033163590066,0,0,0,0.83854787076425,0.706731866323216,0,0.384159403988979,1
0,0,0.054274566861134,0,0,0,0,0,0.059793448372487,0,0
0,0.003187847123187,0.745709939671343,0,0,0,0,0.755016005592773,0,0.633087036657191,1
0.854947888082806,0,0,0,0,0.07546767924233,0.62858967168837,0,0,0.96673749893184,1
0,0,0,0.808727053889605,0.630144779923685,0,0,0.885012426082178,0,0,1
0,0,0.313143007221234,0,0,0,0.243292751965427,0,0,0.629199545091768,0
0,0,0.132791126413158,0.191784159087457,0.307365620494168,0,0.135385837224048,0,0,0.683154189239142,1
0,0.082172421315746,0,0,0,0,0,0,0,0,0
0,0.703878508445459,0.56295204991218,0.821325964859578,0.36827776168045,0,0.257989238100836,0,0,0,1
0.755016244728053,0,0,0.522455169354941,0.930908518972418,0,0,0,0,0,1
0.879756069603505,0,0,0,0.922949518806939,0,0,0,0,0,1
0,0,0,0,0,0,0.556015347664554,0,0,0.932187032761617,1
0,0,0,0,0.493568594155883,0,0,0,0,0,0
0,0,0,0.172654333051106,0.235724888004409,0,0,0,0,0,0
0,0,0,0,0.62187574235823,0,0,0.53423239687103,0,0,0
0.900870361958482,0,0,0,0,0,0.616123181041316,0,0,0,1
0,0,0,0,0,0,0,0,0,0.85840227283642,0
0.934555166551026,0.904543824631846,0.197621149210023,0,0,0,0.59207866468094,0,0,0,1
0.841009276596404,0,0,0.234518180632752,0.52755865014445,0,0.836630289876933,0.458059516930041,0,0.613648211401212,1
0,0.085557403581634,0,0.386052580453996,0,0,0,0.52589102274174,0.624055047911155,0.952566556428508,1
0,0.412457838363235,0,0.889379154782148,0,0,0.232660206480625,0.778653399929364,0,0,1
0.362221881352259,0,0,0,0,0,0,0,0,0.554210843543651,0
0.564809354252698,0,0.132500208420929,0,0,0,0.656292996113991,0,0,0.785410831612735,1
0,0,0,0.372865488550212,0,0,0,0,0,0,0
0.450081898368118,0.830901707496423,0,0,0,0,0.399612069296341,0,0.257887184092503,0,1
0.61436181308172,0,0.328034033873595,0.115954590204372,0.522657789187001,0,0,0,0.017732498788635,0,1
0,0,0,0.36364888102776,0.306087789933264,0.631028819137269,0.478717265495929,0,0,0,1
0.581879387053991,0.649924495671565,0,0.295570436552309,0.939879394651035,0,0,0.81897748935028,0.100400260835976,0.021690541279755,1
0,0,0.131994618188297,0,0,0,0.864451120008813,0.665760796833796,0,0.323401458373571,1
0,0,0.729643705984494,0.042064441631344,0,0,0,0,0.494894349264975,0.222352691419566,1
0,0,0,0,0,0,0,0,0,0.923033973715403,0
0,0.907958832471974,0,0.641134950941644,0.880458616445712,0,0.949859198563509,0.116059440777918,0.560613688161175,0.18612463534117,1
0,0.546270737078482,0.171720447585631,0,0,0,0.09299048613968,0.349338058908977,0.425779600539014,0,1
0.355022653626255,0.686622014144374,0,0.764203280535459,0,0,0,0,0.360366179529211,0,1
0,0,0,0.708575624874483,0,0,0,0,0,0.368312356470807,0
0,0,0.19767126378826,0,0.94554754233416,0.980923968529971,0,0,0,0,1
0.641703787325193,0,0.18273191741479,0,0.446143106143017,0.750080764528153,0.270384804510089,0,0,0,1
0.649497513628422,0,0,0,0,0,0.025908596913744,0.267970804408982,0,0,0
0,0,0,0.954919638588552,0,0,0,0.400418065785667,0,0,0
0,0,0.534923210689595,0,0,0,0,0.603359287493486,0,0,0
0,0,0.777976128993554,0,0,0.499007138081597,0,0,0,0,0
0,0.754801358125744,0,0,0,0,0,0,0,0.70881706923914,1
0,0,0,0,0,0,0.920591916860154,0.582369762853699,0,0,1
0,0,0,0,0,0,0.80102583785617,0,0,0,0
0,0,0.429942978150806,0,0,0,0,0,0.390020861156911,0.052913132061997,0
0,0.505827141391071,0.383373281611786,0,0,0,0,0,0,0,0
0.412928494283574,0,0,0,0,0,0.233927840317013,0,0.184253176289137,0.986139051497631,1
0,0,0,0,0.248518533944456,0,0,0.379827462511787,0.382922618705898,0,0
0,0.299141518577134,0,0,0,0,0,0.378804994675547,0,0.803019567872261,1
0,0,0,0,0.780142672821864,0,0.716013800745325,0,0,0,1
0,0,0.927986668530452,0.767571753867536,0.426305369451406,0,0,0,0,0.519869092584915,1
0,0.953719149263961,0,0.154881216837822,0,0,0.416388809093991,0.800656550883079,0.056789144125939,0,1
0,0.697444036703706,0,0.764700073781717,0.309266052164843,0.51702198149665,0,0.832005963280061,0,0,1
0,0.103253284760044,0.444534531024363,0.321340537078925,0.502427463533784,0,0.220684091182925,0.541358309914646,0.320199672285316,0,1
0,0.357301562205155,0,0.279494876926649,0,0,0,0.632262589638698,0.678830593837204,0,1
0.489059510508886,0.860231521447295,0,0.506366450919482,0,0,0,0,0,0.672737385385252,1
0,0,0,0,0,0,0,0.950369876625748,0,0.549453548779383,1
0,0.798925003176373,0,0.950587808553176,0,0.415431273926918,0,0,0,0,1
0.160359654084298,0.511544284637641,0.851751186046201,0.911009464812368,0,0,0.196224707159199,0,0.76454037123055,0,1
0,0,0,0,0.606040464185445,0.655229149169917,0.425581063578595,0,0,0.64997709352032,1
0,0,0,0.273125206175671,0.659046129126653,0,0,0.719807603977335,0,0.749807463897809,1
0.082295320097396,0.23764875751074,0,0,0,0,0,0,0.318509386163649,0,0
0,0.348290182314004,0,0,0,0,0.261398772515131,0,0,0,0
0.556118206868405,0.580613073284398,0,0,0.467370723541758,0,0,0.435782469008622,0,0,1
0.468025180971876,0.750475995293948,0,0,0.922478764808205,0,0,0.856901447941806,0,0,1
0.664451815953284,0,0,0.644798590077267,0.231311893354749,0,0,0,0.878485477587757,0,1
0,0,0,0,0,0.701601980858069,0,0,0,0.487431679382025,0
0.94625526266069,0.595430501086285,0,0,0.670695454655622,0,0.429321654156534,0,0,0,1
0,0,0,0,0,0.484331181493307,0.508011488082347,0.693680922452309,0.740467571650606,0,1
0,0,0,0,0,0.759474621963342,0,0,0.241456047919147,0.137944037356597,0
0,0,0,0.655797869149836,0,0.104956024944867,0,0,0,0,0
0,0.058529576871871,0,0.926085319692131,0,0.209238929147726,0,0.275050017212316,0.437947364419459,0,1
0,0.103612517509976,0,0,0,0,0,0,0,0,0
0.118412143529433,0,0.902825485705783,0,0.59633924039652,0,0,0,0,0,1
0.259913402590955,0,0,0,0.972592165517739,0.149285424279629,0.29316705397543,0,0,0,1
0,0,0,0,0,0,0.411517086146385,0,0,0,0
0,0,0,0.832161080974202,0,0,0,0,0,0,0
0.6497860141067,0.078478149485312,0.568970917454037,0,0,0,0,0,0,0,0
0,0,0,0,0,0,0.677333288780169,0,0,0,0
0,0,0,0,0,0,0,0,0,0,0
0,0,0,0,0,0.986713811473846,0,0,0.109017866888681,0,0
0,0,0,0,0,0,0,0.486517898382003,0,0,0
0,0.895485496872222,0.752589164979341,0,0.623532144421844,0,0.233214444352059,0,0,0.75349799866304,1
0,0.064991393421804,0,0,0,0,0,0,0,0,0
0,0,0,0.703713656411228,0.625199619221624,0.702888193751354,0,0.720639012114151,0.170018015362635,0,1
0,0,0,0,0,0,0,0,0.600751425616544,0,0
0.308580539778699,0.942546569928853,0.563909141707578,0.693104013606263,0,0,0,0.136748528513174,0,0.744768772279073,1
0,0.89239129419081,0,0.35074475106247,0.403939223085629,0.730100883849226,0.844296687917122,0,0,0,1
0,0,0,0,0,0,0,0,0,0,0
0,0,0,0,0,0,0.128788366427167,0,0.124220261375543,0,0
0,0.123443634125654,0,0.67697419613468,0.635314054876599,0.87296096549836,0.193124076119964,0.497565042550259,0.630264918926759,0,1
0,0,0.644619643135921,0,0,0,0.271880836082697,0,0,0,0
0,0,0.472597184270983,0,0.192620444787209,0,0,0,0,0,0
0,0,0,0.865682567558182,0,0,0,0,0.299148853749263,0.923806790214472,1
0,0.164908919621289,0,0,0.328927303761724,0,0.878666946848965,0.765112455634804,0,0,1
0,0,0.049654462265698,0,0,0,0,0,0.438053162282658,0,0
0.431896163447448,0,0.326118860339321,0,0.748828742558342,0.991252585158501,0,0,0.439340890103326,0,1
0.317139989548777,0.311651085859562,0.318212847550961,0,0,0,0.526313005530708,0,0,0,1
0,0,0.750572051152173,0,0,0.218232034068418,0,0.079437454207632,0.271673520120659,0,0
0,0,0,0,0,0,0,0,0,0,0
0,0.629081045873321,0.44351967347436,0.281630332785071,0,0,0,0,0,0,0
0,0,0,0,0.268516443981339,0.290266579038598,0.887813065101117,0,0,0.019239037455321,1
0,0,0,0,0,0,0,0.810022102243726,0,0,0
0.979012668754651,0,0,0,0.132995401855991,0,0,0,0.297480451274092,0.100363401800526,1
0.141188744755314,0,0,0,0.509057097302033,0.433814615351016,0.375515809632052,0.245995207738222,0,0.133045713353378,1
0,0.904362467155351,0.296564856244637,0,0,0,0.556131621702398,0,0,0,1
0,0.451437774110119,0.573554295916177,0.564227421939694,0,0,0,0.444634028517525,0.548524472834162,0,1
0,0,0.739839688245586,0.505943502814389,0.43647257810529,0,0.830952940851418,0,0.370473892526967,0,1
0.572501537047737,0.844034684930845,0,0.451478895915267,0.332004301378741,0,0,0,0,0,1
0.982774234144622,0.454226783034452,0,0,0.141907868469555,0.341298915221479,0,0,0.025494793961594,0,1
0.019926348024646,0.846160850968098,0.840212427526743,0.186820768758174,0.76512105309527,0.637849951578032,0,0,0,0,1
0,0,0.44576160523702,0,0.625151608965912,0.722558191844771,0,0.445805510605748,0.935248406625487,0.208207508713936,1
0.933391339355733,0.53753270765897,0.328525411857817,0.441641185800358,0,0.611896480247051,0,0,0,0,1
0.475908919765649,0,0,0,0,0.558042034134897,0,0.851343304216009,0.867837919383994,0,1
0.839715330984645,0.248745671977801,0.888974686248319,0,0.820183939572633,0,0.915087707499113,0,0,0,1
0,0.396826400141183,0.047202549622109,0,0,0,0,0,0,0,0
0.789886503359456,0,0,0,0.388535329986342,0,0,0,0,0,0
0,0.258831455582085,0,0,0.109906294038778,0.094029722602575,0,0,0,0,0
0,0,0,0,0.32634671421243,0,0,0.520668124138743,0.460438710222017,0,0
0,0,0.380896091911693,0,0,0,0.783291207706936,0,0.911682215978145,0,1
0,0,0,0,0,0,0,0,0,0.833972425654954,0
0.494637176248422,0,0,0,0.763771480420908,0,0.183687656229065,0,0.747131060062099,0,1
0,0,0,0.791463193649062,0.27513242650222,0.355235906874088,0,0,0,0.655899684269736,1
0,0,0,0,0,0.517022292611972,0,0.996716363519813,0,0,1
0.686985644060597,0,0,0,0,0,0,0.435071063994797,0,0,0
0,0,0,0,0.457064883829694,0,0,0.525002936921679,0,0,0
0,0.419641967417499,0,0,0.053919838117145,0.233965692841824,0,0,0.086298455452487,0,0
0,0,0,0,0,0,0.647848910023789,0.6840614205111,0.354288408862446,0,1
0,0.470962632433306,0,0,0,0,0,0,0,0,0
0.926019909851478,0,0,0,0.224056264856913,0,0.317472596725857,0,0.184304332882574,0,1
0,0,0.66505687757555,0,0,0,0.1587843799824,0,0,0,0
0,0,0,0.845742919442247,0,0,0.752118361246089,0,0,0,1
0,0,0.646525496002138,0.453153381969345,0,0.689684288848774,0,0,0,0,1
0,0,0,0,0,0,0,0,0,0.311235407651315,0
0.526659225340955,0,0,0,0,0.670055479213506,0.278473208171319,0,0.821313781957838,0,1
0,0,0.620903425973704,0.854069389923939,0,0.676222396357716,0.583730215637511,0.186512186682398,0.475101972103969,0,1
0,0,0,0.032354381216125,0.004084203052045,0.2702153478031,0,0.431250126552348,0,0,0
0,0.899440500908317,0,0.690206008658279,0,0.099976811026072,0,0,0.56934278644469,0,1
0.554730425401981,0,0.985425156129306,0,0.7329349435655,0,0.512947598913273,0.813189004726426,0.809537059115982,0,1
0.814632149221579,0.265753127970833,0,0.049491920126491,0,0.376989457702553,0.220037934590191,0.868173916153658,0,0,1
0,0,0,0.862865602813376,0,0,0,0,0.99517061887852,0.418082394911967,1
0,0.632898922819012,0,0,0.843316992452993,0,0,0,0,0.378388785820985,1
0.249412014987814,0.327889669634401,0,0.161370605779931,0,0.908962986840721,0,0,0,0.385628678047979,1
0,0,0,0.962182150701405,0.527134688472058,0.063263141793123,0,0.116125514462407,0,0.639341564240592,1
0,0,0,0.862912619193919,0.421834461224789,0.326913185916877,0,0,0,0,1
0,0,0,0,0,0.317953377967406,0,0,0,0,0
0.96645422506178,0,0,0,0,0,0,0,0,0,0
0,0,0,0.752203771889371,0,0.019764396972328,0.749011251265925,0.20698278003169,0,0,1
0,0,0.865444585578992,0,0,0,0,0,0,0.014413105194028,0
0,0.367751884190888,0,0,0,0,0,0,0,0,0
0,0,0,0,0.477548253144155,0.931330620374652,0,0,0,0.448974767465115,1
0,0.488360221745801,0,0,0,0,0.594446535967206,0,0,0,0
0.877121623679226,0.041787058450212,0.440157334783496,0,0.882186511330848,0,0.111042151563713,0.571391624562204,0,0.374736372874474,1
0.007735916676494,0.837851563567327,0.802925699046038,0,0.168349380793687,0,0.872300603403375,0,0.158649638877185,0.44439059771082,1
0,0.774856686483003,0,0,0,0.756300677059898,0,0,0,0.960780381527747,1
0.456681093817331,0.904597326521853,0,0,0,0.399193202436092,0,0.963518134874268,0.867804073203083,0,1
0,0.440754499910496,0,0.475746805356968,0.270124076995264,0,0,0,0,0,0
0.353847720516937,0,0,0,0,0.730771316137538,0,0.131238933860844,0,0,0
0,0.091081607938418,0,0.180258328356013,0,0,0,0,0.074429389793564,0,0
0.574992970365854,0,0,0,0,0,0,0,0,0.50815747704352,0
0.361521755029519,0,0.503655530007069,0.968509329111501,0,0,0.240025256707636,0,0,0.699403719612879,1
0,0.079126604196452,0,0.306427580595981,0.128808462276588,0.054935190629306,0,0,0,0,0
0,0,0,0,0.405191292854031,0.981219537723728,0,0.995616116332495,0,0,1
0,0,0.184667471969705,0,0,0,0.646664278193795,0.729038438756,0,0.202470306554233,1
0.806319536569905,0.335435872338177,0,0,0,0,0.426636744040277,0,0.328781877031623,0,1
0,0,0,0,0.343496192216052,0,0.643756630189269,0,0,0.4173099958409,1
0.7120040531797,0.989221252290408,0,0.119915893208753,0,0,0,0,0.164900805558444,0,1
0.173681370999727,0.569786510238309,0,0.192349813160403,0,0.528654858424661,0.409627257586799,0.426763702965036,0,0,1
0,0.826431983527255,0.933417264821509,0,0,0.513017179604217,0,0,0,0.022430186855038,1
0,0,0,0,0.012166379660398,0.019611092817063,0,0,0.584659205145758,0.821971064561632,1
0,0,0.545088031814593,0,0,0,0,0.474395026389311,0,0.322504642566243,0
0,0,0,0.473361305726025,0,0,0,0,0,0,0
0,0,0,0,0,0,0,0,0,0,0
0.739994963108711,0.88381437395474,0,0,0,0.196467235527562,0.832874584014816,0,0.382321757177469,0.324150121428343,1
0.792724319610919,0,0,0,0.177865268750251,0,0.851426552559094,0,0.052011250724107,0.242490967862424,1
0,0,0,0,0,0,0,0,0.75198129606532,0,0
0,0,0,0,0,0,0,0,0,0,0
0,0,0,0,0,0,0,0.754235835457225,0,0,0
0,0.44987666622453,0.526288196652165,0,0.270100198811357,0.554505892720012,0,0,0.105127308833495,0.952264276119961,1
0,0.259480750070338,0,0,0.349564015059791,0,0,0,0,0,0
0,0,0,0,0,0,0.992625586237339,0,0.121507564067212,0,0
0.921702853085105,0.523886117223032,0,0,0,0.27322794578739,0,0,0,0,1
0,0,0,0,0,0,0.487116744383564,0,0,0.501260704517068,0
0,0,0.947954780513805,0,0,0,0.22907472754116,0,0.762512173409292,0,1
0,0,0,0,0,0,0.018315566587021,0.915926821100773,0.377337647619294,0,0
0.93685285329348,0,0,0,0,0,0.536968707964331,0.931882965725838,0.993413624105462,0,1
0.243582041948745,0,0,0,0.22711389394018,0.577287028415683,0,0.895554463136734,0,0.675858179235807,1
0,0.373698329730588,0.855967058271484,0,0.181511832401416,0,0,0,0,0,1
0.789428343882096,0,0.659488953016058,0.497419791711916,0.00366961033941,0.636267093038671,0,0.565785848929831,0,0.252742135339905,1
0,0,0,0.40556140639407,0,0,0,0,0,0,0
0,0,0.815865709558323,0.490895981165639,0,0.533561863790869,0,0,0.75674046060758,0,1
0.828031630444505,0,0,0,0,0,0,0.49079564418422,0,0.262948264257996,1
0,0,0,0,0,0.508489226829605,0,0.238458168189988,0,0.592439539116864,0
0.342800996569257,0,0.611645978575608,0,0,0.614688012686429,0,0,0,0,1
0.534443047760587,0.993175746531944,0.695836074146323,0,0,0,0,0,0.889791423050654,0.013991868471665,1
0.055801851045863,0.659239136318064,0.363324382960794,0.114865116292119,0,0.646694184262206,0.278595438495584,0.934532990725218,0,0,1
0,0,0.639109978612629,0.590324905480804,0,0,0,0,0.907923159527985,0.480188843944229,1
0.325256401489635,0,0,0,0,0,0,0.904407718576439,0.682045050630562,0.663445275645931,1
0,0.789812420319671,0.26368311538235,0,0,0,0,0,0,0,0
0.626417480742644,0,0,0.745531329633284,0,0.12827123082719,0,0,0,0,1
0,0,0,0,0,0.808226661140477,0,0,0,0.107539227734938,0
0,0.324118292341517,0,0,0,0,0,0,0,0,0
0.806695072505249,0,0,0,0.031098583856838,0,0.807255547506025,0,0.543665972603654,0.891816756593257,1
0,0,0,0,0,0,0,0,0,0.999926619734874,0
0.736380863745952,0,0.932748516571348,0,0,0,0,0,0,0,1
0,0.302765646803607,0,0,0.280333719508074,0.263450752080007,0,0,0,0,0
0,0.853565898034211,0,0.436989200701238,0,0,0,0,0,0,0
0,0,0,0.16734263136917,0,0,0,0,0.419541114579371,0,0
0,0,0,0,0,0,0,0.277495607525463,0,0,0
0.557113416293269,0,0.106648541396057,0,0,0,0,0.782617347799823,0,0,1
0,0,0.292514739953011,0.501472879704133,0.91063693618142,0,0,0,0,0.476902529091656,1
0,0,0.681847702962965,0,0,0,0.934620463614838,0,0.592146874668475,0.336253959309504,1
0.352597922245408,0.145817874019762,0,0.905298135120527,0,0.223197264005944,0.099776443100462,0.323820244565967,0,0.323844913005049,1
0.912616145986932,0.245552349083775,0,0,0.362478365169935,0,0,0,0,0,1
0,0,0,0,0,0.991779584176593,0,0.818116878335817,0,0.770582587716005,1
0.1079529006071,0.992168463896074,0.826209027599682,0,0,0.775863390995256,0,0,0,0,1
0.190509729895881,0,0,0,0,0,0,0,0,0.343457508839497,0
0.275391727725185,0.756604939362798,0,0.203139610558833,0,0,0,0.765303764052758,0.562293543110135,0.210654646221299,1
0,0.879859136497161,0,0,0,0,0,0,0,0,0
0.524898170593925,0,0.157909003706558,0.190329978197077,0,0.133781222969785,0,0,0.56048778934353,0,1
0.49153434752396,0,0.296021270227407,0,0.730364328185055,0.921582585131811,0,0,0,0,1
0.073559707535253,0,0,0,0.238870855329665,0,0,0,0,0,0
0,0,0,0,0,0.44324271933889,0,0.904739126094821,0,0,0
0,0,0,0,0,0.182045992497993,0,0,0.223591694360121,0,0
0,0,0,0,0.770548826462903,0,0,0.698368140589436,0.296714288234328,0,1
0.279664608790248,0.681166252067506,0,0,0.103364888947826,0,0,0,0,0.299144523988864,0
0,0,0.025080130847953,0,0,0,0,0.60726186763103,0,0.823147563678779,1
0.088417140524103,0,0,0,0.052876678580914,0,0,0,0,0,0
0,0.179877095358281,0,0,0,0,0,0,0.643719132981784,0,0
0,0.962676680630649,0.712702547720451,0,0,0,0,0,0.02594341853241,0,1
0.138655342374806,0,0.266755787521216,0,0,0,0,0.858928744511174,0.428264232924896,0,1
0,0,0.343626829707326,0,0.376828196997115,0.092318018001502,0,0,0,0.050622899039287,0
0,0.50590859915891,0,0,0.39359065649015,0,0,0.493045351218897,0,0.944126198545538,1
0,0,0.609904901392331,0.105644573420682,0,0.396789617185013,0,0,0,0,0
0.14926669914717,0,0.590367124389375,0.80162448502146,0.375225002792931,0,0.348829973184599,0,0,0,1
0,0.111378995805508,0,0,0,0.689237393738191,0,0,0,0,0
0,0.442353183694705,0,0,0,0,0,0,0.875277730506065,0,0
0,0.413714330748154,0.559695390843848,0,0,0.093577741045303,0.993975484470755,0.628060129093639,0,0.199920170262995,1
0,0,0,0,0,0,0,0,0,0,0
0,0,0.62165958806176,0,0,0.110161335128403,0,0.669380513424503,0,0,1
0.11199522717184,0,0,0.701690183998986,0.580907855045172,0,0.696551742580696,0.150037357923085,0,0,1
0,0,0,0,0,0.645370727804149,0.681942889180857,0.17547647702635,0.819783721699475,0.78811390510754,1
0,0,0.445259446744777,0,0,0,0,0,0,0,0
0.662219577401212,0,0,0,0.761951772049975,0.595524718054164,0.988628337194105,0,0,0,1
0,0.989503016128427,0,0,0,0,0.385399275770944,0.930052217277415,0,0,1
0.290676484663522,0,0,0,0.085412871193802,0.72792081277044,0,0,0,0,0
0,0,0.652153956928575,0,0,0,0.426093443447069,0,0,0.37541897269388,1
0,0.849520123226222,0,0,0,0,0,0.654643512417778,0,0,1
0,0,0,0,0,0.939593990755764,0.685248778356186,0,0,0.246255815084102,1
0,0,0,0,0,0,0.739490625566866,0,0,0,0
0,0,0,0,0,0,0,0.674490695067055,0.896580926970925,0.117070016939798,1
0,0,0,0,0,0,0,0,0,0,0
0,0.189148827733801,0,0.297901992346736,0,0.479427343993001,0,0,0,0,0
0.560391545074326,0,0.125613972565015,0.727879114367576,0.666820726461806,0.382409641353669,0,0,0,0,1
0.575349885266721,0,0,0,0,0.340374460186033,0.553197270896754,0,0.273720176056692,0,1
0,0,0.134249844468153,0.063104908399827,0,0,0,0,0.421311877370213,0,0
0.076817133937558,0,0.646907307719356,0.977379259226164,0,0,0.654277382169418,0,0,0,1
0,0,0.765119846144111,0.993924086504271,0.070694329381012,0.763652941641985,0,0,0,0,1
0.858399729032941,0,0,0,0,0,0.196961374652972,0,0.77380442076372,0.918043040543616,1
0.139787795894916,0,0.936898767361664,0.624115753796886,0,0.415987254774546,0,0,0.990516670972446,0,1
0,0.350193101593628,0,0,0.071613550946612,0,0.99389592129519,0,0,0.463013253058632,1
0,0.893878674606151,0,0,0,0,0,0.85621448733791,0,0.640459609120984,1
0,0,0.263638869829244,0.137489278920545,0.261599184503738,0,0,0.000855452157665,0.07529752180144,0,0
0.808343980597065,0,0,0,0.609697213263307,0,0,0.018634970520222,0,0,1
0.382616052262808,0,0.448528994135522,0,0,0,0,0,0.25006540614906,0.463742238899446,1
0,0,0,0,0,0,0,0.968995514932496,0,0.578210481819326,1
0,0,0.336325981610764,0,0,0,0,0,0.434895622364051,0,0
0.800282056437471,0,0,0.145057521856456,0,0.475002460747406,0,0,0,0,1
0,0,0.504533421844005,0,0,0,0.342907194909829,0.811141991713603,0,0.391658896440723,1
0,0,0,0.120087768187981,0.098473729638346,0,0,0,0,0,0
0,0.211370189231755,0.393958169605137,0.887770905572982,0.389945806496038,0.709278050578204,0.148575476240517,0,0,0,1
0,0,0.65092016305181,0.20311926141016,0,0.50079986953151,0.718879870251056,0,0,0.676005336627236,1
0,0,0,0,0,0,0.580735522158788,0.338483374991165,0,0,0
0.145894510779861,0,0.684682744772497,0,0.45228911979344,0.507470383713726,0,0,0,0,1
0,0,0,0,0,0,0.413628186106924,0.965295485578764,0,0,0
0,0.438754446467275,0,0,0.027527082867351,0.215322837635166,0,0,0,0,0
0,0.225658837638234,0,0,0.199907330011007,0,0,0.18639567226369,0,0,0
0,0,0,0.941742321831923,0,0,0.562625568231613,0.394079072723241,0.87896208761504,0.812033302488815,1
0.52350784006904,0,0,0,0.363448017297631,0,0.109555770377844,0,0.876335853657169,0.922138302860529,1
0,0.20711310447718,0.428268601389349,0.470519911931591,0.740367004905822,0,0,0,0.660932172735696,0,1
0,0.360606517642376,0,0,0,0,0,0,0,0,0
0,0.753235477460186,0.915148427839115,0.023803394307608,0.047841890644963,0,0,0,0.259060885047725,0.534010975280256,1
0,0.198824558689508,0,0.501767228641529,0,0,0,0,0.134538632280111,0,0
0,0,0.918336621925959,0,0.286686200375406,0.956644141638361,0,0,0.294484242842918,0,1
0,0,0.83918115150167,0,0,0.912194667511419,0,0,0,0,1
0,0,0,0,0,0,0.368664975156758,0,0.453960601898126,0,0
0.063135047633821,0,0,0,0,0.580685487148132,0,0,0,0,0
0.625575637735668,0.696033007850501,0,0.980119535081918,0,0,0,0,0,0,1
0,0,0.880403215770693,0,0,0,0,0.10084724023842,0.291009874611091,0.302808250531183,1
0.343866188037454,0,0,0.02274904009354,0,0,0,0,0.744632582658931,0,0
0,0,0,0,0,0,0.628457550653756,0,0,0,0
0,0,0,0,0,0.021414437329748,0,0.368403215392847,0.552981614968669,0,0
0.239316366343406,0.946346871303071,0.612065321133213,0,0,0,0.701940927902066,0.057278777622318,0,0,1
0,0,0,0,0,0.95028148154787,0,0.077554385333081,0,0.904446868539649,1
0.351302134665677,0,0,0,0,0,0,0,0,0,0
0,0,0.793394010947791,0,0,0,0,0,0.21635870602989,0,0
0.05266627381269,0,0,0,0,0,0,0,0,0.47891328236758,0
0,0,0,0,0,0,0,0,0,0.036976391700667,0
0.222894971706496,0,0,0,0,0,0,0,0,0,0
0.100477176146356,0,0,0,0.051204643444076,0,0,0,0,0,0
0,0,0.284009207376288,0.79573697687802,0.225199432288123,0,0,0,0.847791934664362,0,1
0.520073197611281,0,0,0,0,0.067002050775609,0,0.836446746741265,0,0,1
0,0,0,0,0.999548666207806,0,0.790700051485389,0.726626863538585,0,0,1
0.740484180525267,0,0,0,0.02036594989272,0,0,0,0,0,0
0.462903845874934,0,0,0,0,0,0,0.362185096931418,0,0.7944029032363,1
0,0,0,0,0,0.171164916436791,0.46817956009555,0,0,0,0
0,0,0.173942490336191,0.866151373289169,0,0,0,0.241855102912848,0,0.046785222827521,0
0.146781135842108,0,0,0,0,0,0,0,0,0,0
0.484246543431913,0.79177458556307,0,0,0.566954853091309,0.677865641080052,0,0.774034354815774,0,0.615085767501813,1
0,0,0,0,0,0,0,0,0.679464627512519,0,0
0,0,0,0.392521846051999,0.776985364689965,0,0,0,0,0,0
0,0.87231840362719,0,0,0.848118505492927,0,0,0.431422663832934,0.378062267727371,0.012823615000744,1
0,0,0,0.644467648927217,0,0.08844187373077,0,0,0,0,0
0.654274694550091,0.201405242307882,0.751361208019739,0,0.111526049408446,0.761725930487525,0.498831356285489,0,0.270825155937079,0,1
0,0,0,0,0,0,0.137219676615833,0,0,0,0
0.750676377586611,0,0.172816460112991,0,0,0,0.496046550124503,0,0,0,1
0,0.17860159919921,0.088855733416639,0,0,0.464332774541659,0.557152226078499,0.80238150383882,0,0.066848808240104,1
0.645899418479732,0,0,0,0,0,0,0,0,0,0
0.107852659780858,0,0.026818396390716,0,0,0,0.011265501418223,0,0,0,0
0,0,0.869339101244276,0,0,0,0,0.717053975850199,0,0.734445799626395,1
0,0,0,0.49185784174607,0,0,0,0,0,0,0
0.287250241455541,0,0,0.935236527009018,0,0,0,0.263645825424098,0.691155208657922,0,1
0,0,0,0,0,0,0.588500144308385,0,0.683861088606781,0,0
0.280336285041976,0,0.714049596215676,0,0,0,0,0,0,0,0
0,0,0,0,0,0,0,0,0,0,0
0,0,0,0,0.623713508838022,0,0.034437826817734,0,0,0,0
0.991139672274831,0.124339984432286,0,0,0.947229590559565,0.586117804440825,0.115023668127679,0.763725854611522,0.422738783414427,0,1
0,0,0.177155317911152,0.894888614694084,0.73389381960355,0.416575159970824,0,0.809070141521816,0,0,1
0,0,0.340578797580478,0,0,0,0,0,0,0,0
0,0,0,0.262944042749907,0.118875876764525,0.50302012008792,0,0,0.749870867363348,0,1
0,0,0.535157220490777,0.779806390198687,0,0,0,0.814228833147929,0,0,1
0,0,0.512456708912402,0,0,0,0.391202583050947,0,0,0,0
0,0,0.162105054760997,0.949747168246461,0.400931166324847,0.404638468565362,0,0.087756690578029,0,0,1
0.806363149038133,0.365945758669881,0,0,0.949650169823292,0,0,0.775113853650858,0,0.697134937128506,1
0,0,0,0,0.394778932317148,0,0,0,0,0,0
0.411764626788844,0,0,0,0,0,0,0,0,0.05948646079043,0
0.828245150659888,0,0,0.368995055402069,0,0.379173831140014,0,0,0.197512596313025,0,1
0,0,0,0.127867469097821,0,0,0,0,0,0.028562576285504,0
0,0.319642435007349,0,0.193544997016201,0,0.808791898648724,0,0,0,0,0
0.522677792269739,0,0,0.198007436412284,0.034123511030224,0,0,0.076255105700295,0.423201714015264,0,0
0.092513872654522,0,0.52086859317807,0,0,0,0,0.683336135378485,0.40143429680135,0,1
0.594444381054624,0.84599392098095,0,0.348732966204016,0,0,0,0,0,0,1
0,0,0,0,0,0.822754412472138,0,0,0,0,0
0,0,0,0.303799101044392,0,0,0,0,0.158451502903076,0.760492201006054,0
0,0,0,0,0,0,0,0,0,0,0
0,0,0,0,0,0,0,0,0.065592561126655,0,0
0.698159963037597,0.861627213519419,0,0,0.286789694965592,0,0.51331759449324,0,0,0,1
0.132541815889173,0,0,0,0,0.238221838085214,0.263220818642772,0,0.456476088186886,0,0
0,0,0,0,0,0.984520588281623,0.634953562244242,0.224314812901481,0,0,1
0,0.361160836956434,0,0,0,0.247094265150316,0,0.231400866984331,0.544384994929778,0.07398945363992,1
0,0.485176710780732,0,0,0,0.676845848527811,0,0,0,0,0
0,0.836842007727005,0.025352729698299,0,0,0,0,0,0,0,0
0.951031364052372,0,0.539943307854517,0,0.209070905386645,0,0,0.208759438512185,0,0,1
0.034310983973561,0,0,0.248364617487114,0,0,0,0,0.885215206641856,0.81963212999795,1
0.873910958689428,0,0,0,0,0.363627913391439,0,0,0,0,0
0,0,0,0,0,0,0,0.813975767909823,0,0,0
0,0,0,0,0,0,0,0,0.617176149783336,0,0
0.618798797137247,0,0.883940617166913,0,0.057281595472119,0.699847378142996,0,0,0.605068953361907,0,1
0,0,0,0,0.371749081585327,0,0,0.0505978634416,0.017939703099813,0,0
0,0.376869615381042,0.09857404795074,0,0,0,0,0,0,0,0
0,0,0,0,0.720409673381049,0.214044823628416,0,0,0,0,0
0,0,0,0,0,0,0,0,0,0,0
0.684962830444621,0,0.80768133093873,0,0.566706244484985,0,0,0,0,0.634641161187637,1
0,0,0.390918664625373,0.965327405200399,0.061052790940266,0.323033252196862,0,0,0,0.642431350736613,1
0.177776066505097,0,0,0,0,0.155420976386213,0,0.641573050643395,0,0,0
0,0,0,0,0,0,0.341325247405035,0,0,0,0
0,0,0,0,0,0,0,0.297612707401351,0,0,0
0,0.232736239585729,0.05547954659888,0,0,0.074619486998209,0,0,0,0.630966279021033,0
0,0,0.978148605621863,0.350144326408696,0,0,0,0.768926524722823,0,0.545005720937198,1
0,0.3828110836834,0.901817407382218,0,0,0,0,0,0,0,0
0,0,0,0,0,0.428612636836636,0,0.36995485969148,0,0,0
0,0,0.02356444484611,0,0,0.249197305288148,0,0,0,0.950040563082344,0
0,0,0,0,0.056241828195374,0,0,0,0,0,0
0,0,0,0,0,0.059560403865914,0,0.990869185795743,0,0,0
0.986762833003707,0.888327244445791,0,0,0,0,0,0,0,0,1
0.314413717991499,0,0,0,0.594046222572268,0,0,0.172836665148754,0,0,0
0.165148890839693,0.268143795008596,0,0,0,0.471678955256919,0,0.631168046427469,0,0.037993776508373,1
0,0,0,0,0,0.591435916186707,0,0,0.531080395413546,0,0
0,0.663441073546837,0,0,0,0,0,0,0,0,0
0,0,0,0.103045823233837,0.135788724071423,0.978882242105956,0.478373208304623,0.055467146717186,0,0.592141809336699,1
0.729435335667645,0.127390300077811,0,0,0,0,0.162659691332852,0,0,0.89470884575433,1
0.46100713689011,0.522776823014361,0,0,0,0.798280485936379,0,0,0.733226652293755,0,1
0,0,0,0,0,0,0,0,0,0.924585158527684,0
0.887825043935489,0,0,0,0.141141567467483,0,0,0,0,0,0
0,0.246456557866443,0,0.072258833053808,0,0,0,0,0,0,0
0,0,0,0,0,0.18653030939975,0,0,0,0,0
0.282262731747627,0.614287225408885,0.54281386970538,0.129392642458729,0,0,0.967657716170803,0,0,0,1
0,0.11198710039852,0,0,0,0,0,0,0.399269260408981,0.677094620903191,0
0.472344813309342,0,0,0.838200672266999,0,0,0.339579138199033,0,0.998294928405515,0,1
0.99846286398942,0,0,0,0,0,0,0,0,0,0
0,0,0,0,0.034426744595135,0,0,0.337110354319431,0.340428889618212,0,0
0,0,0,0,0.291063223170398,0,0,0.111816172194692,0,0,0
0.608118347834386,0,0.728819991827309,0,0,0,0.514764113081754,0,0,0,1
0,0,0,0,0.242977813610661,0,0.409976659350893,0,0.937391452983117,0,1
0,0.434816832573206,0,0.392965011444035,0,0,0,0,0,0,0
0,0.726070657899246,0,0,0,0,0.067244923931323,0,0.165777186970115,0,0
0,0,0,0,0.149610873187217,0.751942351996545,0,0,0,0.155432880089888,0
0.494436001031968,0,0,0,0.813815279781491,0,0.1585500962179,0.952162375246699,0,0.897488333863658,1
0,0,0,0,0,0,0.880848392707724,0,0.0984734857695,0,0
0.28805631551481,0,0,0,0,0,0.938688852973111,0,0,0,0
0,0,0.699134410605843,0,0,0,0.44672048078242,0,0,0,0
0,0,0.591885013236519,0.724249607667052,0,0.663736669562123,0.528704150307772,0,0,0,1
0,0.780868891594973,0,0,0.732778961761676,0.900802807986405,0,0.285072121768691,0.57885479481791,0,1
0,0.190556074993556,0,0.304857978111727,0,0,0,0,0,0,0
0.266274790621052,0.265807396009806,0.65253788484136,0.190359846353201,0,0,0,0,0,0.937531582331225,1
0,0,0,0,0,0.173970124358026,0,0,0,0,0
0.604393790143451,0,0,0.962656169240002,0,0.675442823089682,0,0,0,0,1
0,0,0,0,0,0.300987776369341,0,0,0,0,0
0,0.760364211457703,0,0,0,0.684286589338426,0,0.301030157739584,0,0,1
0,0,0.039743107666952,0,0,0.627810160457592,0,0,0,0,0
0,0,0,0.325035183401441,0,0,0.804732483460417,0,0,0,0
0,0,0,0.145405777494725,0,0.478850784413038,0,0,0,0,0
0.083334490988051,0.013937489168403,0.337875039774551,0,0,0.322450568579594,0,0.7888180612669,0,0.271064717174531,1
0,0,0,0.673760068996003,0,0,0.560180018366337,0,0,0,0
0,0,0,0.727461122993362,0.854322175071915,0.456182590048322,0,0,0,0.685470903846478,1
0.710107687097273,0,0,0,0,0,0,0,0,0.181852645518453,0
0,0,0,0,0.801630009698662,0,0,0,0,0,0
0,0,0,0,0,0,0,0,0.781072546670238,0,0
0.310103634856956,0,0,0.348044648333088,0,0.330620883079837,0.205709616610462,0.933614847752428,0,0,1
0,0,0.342076434927646,0,0,0,0.325014260590601,0,0.986903902059344,0.073428818758607,1
0.961676956116248,0,0.859849064289295,0,0,0,0.305367088507379,0,0.147578857368355,0,1
0,0,0,0,0,0,0,0,0,0,0
0,0,0,0,0.39371273564808,0,0,0,0,0,0
0.98271685763997,0,0.615615360404175,0,0.009112851530135,0,0.757577408344757,0,0,0,1
0.538455175870703,0.312026826494325,0,0,0,0.259594829404291,0,0,0,0,0
0,0,0,0,0,0.183712539511998,0,0,0.579863102516771,0,0
0,0.612302695886688,0.428352645283729,0,0,0,0,0.092377496062228,0,0,0
0,0,0,0.675468499484198,0.299990807626704,0,0,0,0.513005277860354,0,1
0,0,0,0,0,0,0,0,0,0,0
0,0,0.812172177370358,0,0,0,0,0.510985932907033,0.791539683632328,0,1
0.883552334233959,0.438716973421597,0.5124435100037,0.347348276812885,0.14916252336352,0,0,0.688123003774717,0,0,1
0,0.776023839043141,0,0.458003735238695,0,0,0.814715241638674,0.20238037371655,0,0.124743745510819,1
0.509534882422673,0.025052320565332,0,0.173970107531992,0,0,0,0,0.42727938913876,0,0
0,0,0,0,0.422794883277208,0,0,0,0,0,0
0,0,0,0.423779243499506,0,0.481613578669669,0,0.144441070486029,0,0,0
0.452424139624721,0.247056610459719,0,0,0.615700800493053,0,0.355246765704155,0,0,0,1
0,0,0,0,0.083357177353989,9.4735590797311E-05,0.558992297586242,0.259829644238146,0.346495000499534,0,0
0,0.430157611084476,0,0,0,0,0,0,0,0.121743176227445,0
0.714464394304463,0,0,0,0,0,0,0.540087283019686,0,0,0
0,0,0.250898224513638,0,0.147965529449411,0,0,0,0,0,0
0,0,0,0,0,0,0,0,0,0.071927450374099,0
0,0,0,0.546478345449648,0.768361679671515,0,0.352688027086947,0,0.700265941504322,0,1
0.717022300250021,0.169900569794697,0,0.841562979558339,0,0,0,0,0,0,1
0,0.478172657040815,0.074359687313612,0,0,0.497238734858875,0,0.33982909121722,0.666449713683017,0.146182270151165,1
0.854803596984976,0,0,0,0.5671251311383,0,0.759783743878174,0,0.17492443498226,0,1
0,0.738585114963911,0,0,0,0,0,0,0,0,0
0,0,0.917705538451131,0,0,0.588369678884656,0,0.422076307116874,0,0.28510128479164,1
0,0,0,0,0,0,0,0,0,0,0
0.03270851335953,0.529720040667573,0.294901208893358,0,0,0.477641175259166,0,0,0,0.896823230279688,1
0,0,0,0.264951278092618,0,0,0,0,0,0.05552741605894,0
0.737759777766572,0,0,0,0,0,0,0,0.164489307329182,0,0
0,0.831721317429031,0.073882150224957,0.709589155371134,0,0,0,0,0.590840644301545,0,1
0,0.801643634288402,0,0,0,0,0,0,0,0,0
0.503006618256153,0,0,0.647069250591102,0,0,0,0,0,0,0
0,0,0,0,0,0,0.866170511685675,0,0.41429988347814,0,0
0,0.646549175981058,0,0,0,0.025917941381447,0,0,0,0,0
0,0,0,0,0,0.723757461599567,0.311509213773361,0.059863390654371,0,0.684187250173911,1
0.8514152707155,0,0,0.092511107717808,0,0,0,0,0.839230861596299,0.533460165080474,1
0,0,0,0.599597057961782,0.006610877200236,0,0,0,0,0,0
0,0.341324592804317,0.441024155052173,0,0.388731352711089,0,0,0.94546335566296,0,0,1
0,0,0,0.910862543103683,0,0,0.680201698908517,0,0,0,1
0,0,0.976572828084729,0,0.404443390260024,0,0,0.332379188331359,0,0,1
0.47227439889658,0,0.394417606400907,0,0.414361853000313,0,0.768825036055736,0.884024228315285,0,0,1
0.446638668931742,0,0,0,0,0.282216938150571,0,0,0,0,0
0.729565822490847,0,0,0,0.985641631769832,0,0.409527852423991,0,0.859567338698963,0.621941625136812,1
0.157801223932417,0.697066106880993,0.096341827642665,0.44273889121411,0,0.33390536370746,0.410750039201062,0,0,0,1
0.467232367015375,0.514114107773798,0,0,0,0.984404664440358,0.629270866922125,0,0,0.36706679451487,1
0,0,0.913359111148441,0,0.593773359428317,0,0,0,0,0.18087847375075,1
0.127169753451343,0,0,0,0,0,0,0.223154738951774,0.639246036737307,0.109414913486515,0
0,0,0,0,0,0,0,0,0.147633631338487,0,0
0,0,0,0,0,0,0.322519742507933,0.664881786661862,0,0.814754430989963,1
0,0,0,0.972422794450233,0.733096869855357,0,0,0,0.371406050806347,0,1
0,0,0.907574359067365,0.275847578609428,0,0.149197104526646,0,0,0,0,0
0,0,0,0,0.516443693431906,0.520071791648244,0,0.252016639142797,0,0,0
0,0,0.933500496620526,0,0,0.880861269064028,0,0.067535460384495,0.988023993545689,0,1
0,0,0,0,0,0,0,0,0.325150744198561,0,0
0.286441007785387,0,0.703992572901287,0,0,0,0,0.97610907091795,0.123045365383402,0,1
0,0,0,0,0.81885252139125,0,0.779290148458464,0,0,0,1
0,0,0,0.705858117410515,0,0,0,0,0.124806870120225,0,0
0.458363722232772,0,0.104423442593271,0,0,0,0,0.14054878242172,0,0,0
0.660391058190069,0,0,0,0,0,0.309982889600396,0,0.40828118970594,0,0
0,0,0.110941658149226,0.140209392235636,0,0,0,0,0,0,0
0,0.142390162623913,0.836884582814841,0,0,0,0.069289442594839,0,0,0,0
0,0,0,0,0,0,0,0,0,0.71172849905874,0
0,0.22239957788301,0.479839688461067,0,0,0,0.486280355847643,0,0,0,0
0.808527995835483,0.843862171056922,0,0.405080196407459,0,0,0,0.69825498502212,0,0.11078727255628,1
0,0.224849357707498,0,0.614129378560609,0,0,0,0.415777031069134,0.446053298826361,0,1
0,0.567848725502271,0,0,0,0,0,0,0,0.446564873809448,0
0.762949141622607,0,0.638441583316833,0.977794633626629,0.513436153203956,0,0,0,0,0,1
0,0,0,0.677456673583078,0,0.928919293963885,0,0.723582071257114,0.266600199229053,0,1
0.687973518003099,0,0,0,0.617375277414503,0,0,0,0.960599065779163,0,1
0,0.860337766374467,0.236823357373365,0,0,0,0,0.2977616507508,0.972055842413725,0,1
0,0,0.588497291987694,0.09393533388315,0,0,0,0.972154948431677,0,0,1
0,0.328544364668283,0.52465631450386,0,0.285322004870158,0,0,0.923586094957515,0.649185258280366,0.136121498894672,1
0.968273120411297,0,0,0.987851093760213,0,0,0.508493519150981,0,0.765644020262722,0,1
0,0.476676149685157,0.232348078187707,0,0,0,0,0,0,0.570782899945014,0
0.264851841863498,0,0,0.652383171794146,0,0.37820355329197,0,0,0.416947637957585,0,1
0.189324906223705,0,0,0,0,0,0,0,0,0,0
0,0,0,0,0,0.428779293448494,0,0.011353009901271,0.752049528554834,0,0
0,0,0,0,0.317614366593062,0.677798851096638,0,0,0,0,0
0.295528515163452,0,0,0,0.270110761999305,0.001080662073532,0.073370123559992,0,0,0,0
0.97023336772902,0,0.588303449664931,0,0,0,0,0.49262963756366,0.500207407232547,0.862878166623929,1
0,0,0,0,0,0,0,0,0,0,0
0.206074399243293,0,0.310980883306654,0,0,0.359629102839068,0,0,0,0.624760010481361,1
0.585620895155151,0,0,0,0,0.222353238351229,0,0,0,0,0
0,0,0,0,0,0,0,0,0,0,0
0.085445353236571,0,0,0,0,0.813872150400409,0,0,0,0,0
0.903699892516574,0,0,0.939468213581549,0,0,0.693540366550916,0.948925786596414,0,0,1
0,0,0.358111195718127,0.38398678706243,0,0,0,0,0.30544133496009,0,0
0,0,0,0.203519733835181,0.252680291982608,0,0,0.533605662375408,0,0.537648910402285,1
0,0.046243482730594,0,0.148270020237663,0,0,0.057837018145227,0,0.329090083299204,0,0
0.428517663897895,0,0,0,0,0,0.958374198570999,0,0,0.414395415575763,1
0,0.035608140150796,0.241375059654624,0,0.460079130422517,0,0.798964364870883,0,0.553989271591218,0,1
0.79629167379003,0,0.3516874217172,0,0,0.013242277438905,0.983017105802898,0,0.109422334313579,0,1
0.68427112941759,0,0,0.959506831932723,0,0,0,0.595741274843906,0,0,1
0,0,0,0,0,0.363960738150282,0.74600187340888,0.484172364145406,0,0.123183441198029,1
0,0.338433907151459,0.795126486341102,0,0.520680902818625,0,0.883456290869031,0,0,0,1
0,0,0,0.530864015706933,0,0,0,0.240417460193903,0,0.439548817769063,0
0.651493993117872,0,0,0,0.4142189023782,0.571292775714817,0,0,0.981333668617065,0,1
0,0,0,0,0.305550334884403,0,0,0,0.404639185148536,0,0
0,0,0,0.151114941636322,0.524859484079748,0.585790285293953,0.528050868355108,0.195668774409597,0,0.892475161620049,1
0.578049495721266,0.839388736934999,0.683534480460184,0,0,0.108291424848598,0,0,0,0.579719556432553,1
0.078625708781102,0.073133521617476,0,0,0.921087104528516,0,0,0,0.087709080207395,0,0
0.20427321417412,0.122204198005763,0,0.056979199907996,0,0,0,0,0.397797843930126,0,0
0,0,0.937772271953227,0,0,0,0,0.248659011198477,0.488225353401538,0,1
0,0.460698949876127,0,0.478928126665705,0,0,0,0,0,0,0
0,0,0,0,0,0.605465451109514,0.855559771536502,0,0.217856572768887,0.439648961869444,1
0.50469529327168,0,0.562853475612061,0,0,0,0.353290139284929,0.482622481531852,0.372355121046621,0,1
0,0,0.594751665864774,0,0,0,0,0.238088505931774,0.997613473497876,0,1
0,0.280142777435982,0,0,0,0,0,0,0,0,0
0.157992896083646,0.924270290550036,0.132263959012592,0.485585918940473,0,0.173247979948069,0,0,0,0,1
0,0,0,0,0,0,0,0,0,0.564412309555954,0
0,0,0,0,0.639092579012583,0,0,0,0.541994175954078,0.510601664578704,1
0.4826399852282,0,0,0,0,0,0,0,0.485561454419886,0,0
0,0,0,0,0,0.651749718205075,0.10121571981824,0,0,0,0
0,0,0,0,0,0,0.081873928520636,0,0.896725673118327,0,0
0,0,0,0.154649573293001,0,0.49773592677774,0,0,0,0.516484371063329,0
0,0.713558688530944,0,0,0.801163151313808,0.709471049533941,0,0.872833053260493,0,0,1
0,0,0,0,0,0,0.968721936263979,0.052142858342422,0,0.939864391122168,1
0,0,0,0.818420985764647,0,0.979177827432838,0,0.640918096920027,0.933920337112974,0.070524257594044,1
0,0,0,0,0.787014467329661,0,0,0,0,0,0
0,0,0.208864847540366,0,0,0,0.212586811043514,0.332920722559851,0.433821939688672,0,0
0,0,0,0,0.686825273380589,0,0.125657914804491,0.497617286253028,0,0,0
0,0,0,0.491037974275603,0.993981680313416,0.810444547024854,0,0,0.439629137687711,0,1
0,0,0,0.441141501024348,0,0,0,0,0,0.441239382147758,0
0,0.408880936262043,0.383318975707305,0,0,0,0,0.083777172360766,0.695778979955945,0,1
0,0.20202938218169,0,0.300974755337766,0,0.975308527275744,0,0,0,0,1
0,0,0.480677335642681,0,0.436443149854638,0,0,0,0.449269018282123,0,0
0.28069844035979,0,0,0,0,0,0.214024313022063,0,0.292971745850443,0.991599784695028,1
0,0,0,0.837996002136734,0.568157259014576,0.201068639689028,0,0,0,0.322485524317839,1
0.643994023064899,0,0,0.968417779651163,0.096393292452869,0.800300177189135,0.813941090972796,0,0,0,1
0,0.657471794861521,0,0.418513483105186,0,0,0,0,0,0,0
0,0,0,0,0,0,0,0.198373583753245,0,0.328330501250966,0
0,0,0,0,0,0.10248443219349,0,0,0,0,0
0,0,0,0,0,0,0.90484539024021,0.887336074650881,0,0,1
0,0,0,0,0,0,0,0,0,0,0
0,0.723131754518539,0,0.567798008514328,0,0.653927843801863,0.836402358989163,0.298212280185862,0.626392072606084,0,1
0,0.361744525715567,0,0,0,0.10317521559459,0,0.416042207347418,0,0.27489578805096,0
0,0.159063957387427,0,0,0,0,0,0.983120546307762,0,0,0
0,0,0.501801404112751,0,0,0.518426457324766,0.962886254003769,0,0,0.371998028407402,1
0,0,0,0,0,0,0.609952043924234,0,0,0,0
0,0.061328799676932,0.020827929248111,0.618222062735286,0.699715501124168,0,0,0,0,0,1
0.109563107854368,0,0,0,0,0.508724908397182,0.009009092644144,0,0.549186734086774,0.786371300232482,1
0,0,0,0.667374270054226,0,0.13962729629983,0,0,0,0,0
0.658029227902732,0.408164641760764,0.516840416738794,0,0,0,0.483992346603411,0.596374082290849,0.927367396522371,0,1
0.653248884314362,0,0,0,0.171427337404017,0,0,0,0,0,0
0,0,0,0,0.100659062831942,0.032556536202205,0,0.471753852157523,0.557728188878188,0,0
0,0.826644367822206,0,0,0.64937171315834,0,0,0,0,0,1
0.790370537497693,0,0,0.835139094929445,0,0,0.83718437037348,0.537167519171011,0,0,1
0.898017612861442,0.821938669737834,0,0,0,0,0,0,0,0.755698938824052,1
0.662753152395766,0,0.777400151333868,0,0,0,0.59329512436018,0,0,0,1
0,0.652014321195725,0.691624648881973,0.287077415953332,0,0.782812014302408,0,0,0,0,1
0.779587592424695,0.566993259166306,0,0.260879975171467,0,0,0,0,0.027977883068556,0,1
0.687885285201899,0,0,0,0.679806908020914,0,0,0.564935523167586,0,0.586921941851907,1
0.542870072296633,0,0.030308924557481,0,0,0.75282461949596,0.330999562335282,0.638174998151722,0,0.402284479320841,1
0,0.738251712409804,0,0,0,0,0.526691813893283,0.122763299957591,0,0,0
0,0.802010263190013,0,0.742922589654311,0.082799864698416,0,0,0.676991159213381,0,0,1
0,0,0.631451763347291,0,0.835053712073262,0.467782823149554,0,0,0,0.143146941205969,1
0,0,0,0.961783291267545,0,0,0,0,0.61348057435368,0,1
0,0,0,0,0,0,0,0,0,0,0
0,0,0,0,0,0,0.275454064188071,0,0,0,0
0,0,0,0.708385509198177,0,0,0,0,0.797183299109271,0,1
0,0,0,0,0,0,0,0,0,0,0
0.091570603777323,0,0,0.308017767900332,0.260465105168752,0,0.183158244405753,0,0,0,0
0,0,0,0.502935194793627,0,0,0,0,0.280299658479866,0,0
0,0,0.140984827833832,0.344665699341723,0,0,0,0,0,0,0
0,0,0,0,0,0,0,0,0,0.31142603121379,0
0.135141584949683,0,0,0,0,0.738860832614893,0.367592573673267,0,0,0,0
0.466951462869589,0,0,0,0,0,0.420796762672741,0.60950318164823,0,0,1
0,0,0,0,0,0,0,0.113725967325764,0,0.712436819854372,0
0,0,0.861724930454739,0,0,0,0,0,0,0,0
0,0.98908703966727,0.950043155420059,0.521390507043451,0,0.987653389246131,0,0,0.809099288367442,0,1
0,0.490294506750885,0,0,0,0,0,0,0,0.236464260855914,0
0,0,0,0,0,0,0,0,0,0,0
0,0,0,0,0.314957407904471,0,0,0,0.344603141902949,0,0
0.756048551376793,0,0,0,0,0.174967611624317,0,0,0,0.847446374626291,1
0.723813769048922,0,0.514756625319982,0,0,0,0,0,0.68582809749945,0,1
0,0,0.583787185936077,0,0,0.853083982558265,0,0.150534065533048,0,0.337326247852015,1
0.820402981202829,0,0,0.255672500190307,0,0.871599110417872,0,0,0,0,1
0,0,0,0,0,0,0,0,0,0,0
0.970394849460376,0.545921217095608,0,0.743826400469583,0,0.423465996431102,0.934925342745695,0,0,0.837034223920673,1
0,0.01894967552797,0,0,0,0,0,0,0,0.865652422637525,0
0,0,0,0.767085945339108,0.857950314248664,0,0.649364224144249,0.574858843343994,0,0.526222658309099,1
0,0,0,0.036566232073026,0,0,0,0,0,0,0
0.370151930662335,0,0,0,0,0,0,0,0,0.941930183017202,0
0.172064218655148,0.130927569071617,0,0.839642525500984,0.714201713401314,0,0,0,0,0,1
0.401374216906074,0,0,0.387007482937317,0.606464201472971,0.123547329404818,0,0.236734196932038,0,0.284318844349836,1
0,0.036295400754299,0,0,0,0,0,0,0,0,0
0,0,0,0.557170566672184,0,0,0.837959041977466,0,0,0.509646219550529,1
0,0,0,0.106576077833923,0,0,0,0.143329789669453,0,0,0
0,0,0,0,0,0,0,0,0,0.856170267090301,0
0,0,0,0,0.624475160566516,0,0,0,0,0.265615702289054,0
0,0,0.910745811385313,0.153447891868986,0,0,0,0.741733422624593,0,0,1
0,0,0,0,0.866504048896855,0,0,0,0,0,0
0,0,0,0,0.788377620131538,0,0.85177541391099,0.577766710967315,0,0,1
0,0,0,0.614783982120689,0.828617387501733,0,0,0,0,0,1
0,0,0,0,0,0,0,0,0.393354792306058,0.00121004973146,0
0,0,0.028097662480432,0.791694522858462,0.222128675070274,0,0,0.659579669204311,0.064767083830612,0,1
0,0,0,0,0.598777312850844,0.19081163868267,0,0,0,0,0
0.402639221812845,0.210930557944007,0,0.928997427068157,0.089699951691894,0.204420443448605,0,0,0.043751037694378,0,1
0,0,0,0,0.811976216512598,0,0,0.925782689704227,0,0.430703370831633,1
0,0,0.624170210886122,0.307141035993584,0,0,0,0.696690400917903,0.681579902000505,0,1
0,0,0,0.286668661717872,0,0,0.782919096538758,0,0,0,0
0,0.490759007754492,0,0,0.03712641856368,0,0,0,0.795649733365829,0,0
0,0,0,0,0,0,0,0,0,0.972826495149688,0
0.916522746017971,0,0,0,0,0,0,0.542065521471728,0,0.579493510459186,1
0,0,0,0,0.162063189909935,0,0.489143639139044,0,0,0,0
0.519930081177785,0,0,0.389896929604275,0.715676830362208,0.485741499381604,0.172276339345336,0,0.915651067480338,0,1
0.575484220292222,0,0,0,0,0.789695274726875,0,0,0.350353633363478,0,1
0,0.690961598271191,0.233621619435605,0,0,0.822352396854072,0,0,0,0,1
0,0,0,0,0,0,0,0,0,0,0
0.606750894870229,0.183593044740275,0.451986317964813,0,0.92826479238949,0,0,0,0,0,1
0,0,0,0,0.432874689309396,0.332092520895916,0,0,0,0,0
0.826618469093777,0,0.520396854763674,0,0,0.18400909788132,0,0,0.883438132854423,0.000349850618364,1
0.226923559828126,0,0,0,0,0,0,0,0.033910658327529,0,0
0.82360599858797,0.022793749834055,0,0,0,0,0,0,0,0,0
0.385510490739848,0,0,0,0,0,0,0.358504818184342,0,0.452930089774682,0
0,0,0,0,0,0,0,0,0,0,0
0,0,0,0,0.222112876681071,0,0.924602721226963,0,0,0,0
0,0,0,0,0,0.893758614601922,0,0,0,0.462897475763038,0
0,0,0,0,0.331719842604486,0,0,0,0,0.873068021867488,0
0,0,0.598051790461852,0,0,0,0,0.771686709439397,0,0,0
0,0,0,0.836694651801153,0,0,0,0.207376150714569,0.180222494588611,0,0
0.750623501511681,0,0,0.38828022223559,0.855228370619633,0,0,0.456761002186331,0,0.596943014748782,1
0,0,0,0.231007416269642,0,0.570898523238191,0,0,0,0,0
0,0,0,0.539382140276146,0,0,0.979896526120726,0,0,0,1
0,0.791451194542099,0,0,0,0.847315521389056,0,0,0,0,1
0,0,0.493856024466146,0.413714652183545,0,0,0,0,0.622051484292455,0.40799705223358,1
0,0,0,0.558875287079688,0,0,0,0,0,0,0
0.055274589054324,0,0,0,0,0.386831828515949,0,0,0,0,0
0,0,0.748344325108222,0.315947229729509,0,0,0,0,0,0,0
0,0.960554773196192,0,0,0,0.794442007445912,0,0,0.333239434561943,0.254757992748819,1
0.944291070586614,0,0.119575913416291,0.008325719066614,0,0,0,0,0,0,0
0.818276030539826,0.009953417729915,0,0,0,0.121086397299134,0,0.296442891660677,0,0,0
0,0,0,0,0,0,0,0,0.871161287868593,0,0
0,0.485396692965879,0,0,0,0.077832698298592,0.286643202117427,0,0,0,0
0,0,0,0,0.50951845118818,0,0,0,0,0,0
0,0,0,0,0.284076575780305,0,0.36180487009575,0,0.198385581484842,0,0
0,0.768083017579833,0.470683202598808,0.050312865807025,0,0,0.33201061430185,0,0,0,1
0.339812740868278,0,0,0,0,0,0.944216941797176,0.20856348367771,0,0.128114135659843,1
0.577658343479038,0,0.566871162578765,0,0.314258618547259,0,0,0,0,0,1
0,0,0,0.442985476420664,0,0.415776563852672,0,0,0,0,0
0,0,0.411336331839549,0,0.366230665300198,0,0.683241245333492,0,0,0,1
0,0,0.577755425779673,0,0,0,0.94416665067079,0,0,0,1
0,0.763708144138823,0,0,0.049563704312392,0,0,0,0,0,0
0,0,0,0,0.895339843221058,0,0,0,0,0,0
0,0,0,0,0.973120868858153,0,0,0,0,0,0
0,0,0.538643722744924,0,0.09535906713943,0,0,0,0,0,0
0.929044435499894,0.214835711198826,0,0.490692287958086,0.770994364160452,0,0.843154851431296,0,0.981293773835093,0.620463693224847,1
0,0.488364317748468,0,0,0,0,0,0,0.68924377698965,0.796802551415489,1
0.352876974776087,0,0,0,0.833258524793122,0,0,0,0.669861593655945,0,1
0,0,0.310601779859426,0.448847898995281,0,0.448562556254968,0,0,0,0,0
0,0,0.740410249401772,0,0,0,0.555385778833672,0,0.14514046621229,0.594989601472701,1
0.468661919764451,0,0,0,0,0.148663744638873,0,0,0.21600311777949,0.212969926226911,0
0,0.825317963393985,0,0.755820518414455,0.171992744425732,0,0,0.494505936457926,0.845322394182241,0,1
0,0,0,0,0,0.494616153970908,0.820175012690355,0.927340058607095,0.356161033504115,0,1
0,0,0,0.559968370530124,0,0,0.374642250834416,0.208002692958013,0,0.375430914946595,1
0,0,0.257897639733357,0,0.452175523537439,0,0,0,0.194149577239791,0.764708509252172,1
0,0,0.707599441556256,0.099236719060525,0,0.900013394920609,0,0.869337380640077,0,0,1
0.814363834568931,0,0.793914729668052,0,0.960463666879573,0.681378436780195,0,0,0,0,1
0.57679921121472,0,0,0,0,0,0,0.058425494410158,0.837002950392185,0,1
0,0,0,0,0,0.755520464583072,0,0,0,0,0
0,0.036588997819923,0,0.880910391893284,0,0,0,0,0,0,0
0.088118507125808,0,0,0.903790547858082,0,0.335640850986454,0,0,0,0,0
0,0.02999051877803,0.80348796661049,0,0,0.974149802798325,0.005038878836834,0,0,0.276902545830123,1
0,0.982305320223682,0,0,0,0,0,0.534627752746815,0.447621784687496,0,1
0,0.707722795059796,0.971008735307688,0,0.665391283697026,0,0.161246662095727,0.601817219791759,0.214781072261155,0.74423958920868,1
0.490370179612589,0.863767751298619,0.509098195200202,0.072898854506465,0,0.359756573992226,0,0.080644697452756,0.830484236754181,0,1
0,0,0,0,0,0.03703052367702,0.459871821432888,0.810756685089954,0.475380206798284,0,1
0.00686333440962,0,0.251566284363688,0,0,0,0,0.109229237008924,0,0,0
0,0,0.851069604743088,0,0,0,0,0,0,0,0
0,0,0,0.157685824643987,0.417288864167625,0,0,0,0.755149771440543,0,0
0.218159321276651,0,0.536885279992425,0,0,0.855372052455829,0,0.498934299709876,0.45841815440558,0,1
0,0,0,0,0,0,0,0.697621326537109,0,0.526640901170843,0
0,0.766051814761354,0,0,0,0,0.826415220105935,0,0.470488958606402,0,1
0,0,0.362290857912824,0,0,0,0,0.800442807625633,0.872007512568666,0.0671693028546,1
0,0,0,0,0,0,0,0,0,0,0
0,0.049920528390293,0,0.890982894540822,0.587319233447234,0.03356994933121,0,0,0,0,1
0,0,0.626035904353025,0,0,0,0,0,0.30639920544084,0.699708155788154,1
0.674439868873439,0,0.207171071715702,0,0,0,0,0,0,0,0
0,0,0,0.931252872123731,0.49555136017244,0,0,0.26506034481519,0,0,1
0,0,0.066026920301304,0,0.524624361321973,0,0.806598428949855,0.404731534041613,0,0,1
0,0,0,0.851283028560164,0,0,0.31991226173691,0,0.265191036685034,0,1
0,0,0.371793151462319,0,0,0,0.147544222685175,0,0,0,0
0.970486240966277,0,0.917365674393962,0,0.983985066456425,0,0.702305774535075,0,0,0,1
0.375595539503866,0,0,0.065088059493888,0.078120013528686,0,0,0,0.590236682173507,0.840854506298657,1
0,0,0,0.7089033965328,0.413979367683934,0,0.293253078789166,0,0.865501490836594,0.847224710824972,1
0,0,0,0.432241457099545,0,0.433051292946917,0,0.676315116989191,0.27671480127187,0,1
0.226824880474734,0,0,0,0,0,0.092445245707767,0.365018926131206,0.963909983144137,0.67039877860581,1
0,0,0,0,0,0.95600831929451,0,0,0,0,0
0,0,0,0.432907414955813,0,0,0,0,0,0.519263820409381,0
0,0,0,0,0,0,0,0.561197007986142,0,0,0
0.309746547389537,0.060742407140615,0,0,0,0.145879899752873,0,0,0,0,0
0.866303363367699,0,0,0,0,0,0,0,0.31099205215499,0,0
0.576809184643897,0.365432723208261,0,0,0,0.673024967280003,0.318501457150106,0,0,0,1
0,0,0.616261666373919,0,0,0,0.602187543142099,0,0,0,0
0.051231382854243,0.721733182951254,0.743915081687034,0.809574696723108,0,0.390390399623464,0,0,0,0.192297778439647,1
0,0,0.20475883630324,0.042709147852167,0,0,0,0.360194776413009,0.147183889984011,0,0
0,0,0,0,0,0,0,0,0.441762135439587,0.70123423369729,0
0,0,0,0,0,0.14131868243464,0,0,0.900526401860212,0,0
0,0,0,0.122022871399421,0.552031944425305,0.848035064012336,0.348484052422861,0,0,0,1
0,0,0,0,0,0.986798554449979,0,0,0,0,0
0.416394273017509,0.863839317611381,0.706885777390074,0.67982054032766,0.461647736802601,0,0,0,0.200874386376018,0,1
0,0.021634491322788,0.800595712552865,0,0,0,0,0,0.243639572142503,0,0
0,0.844649823995203,0,0,0,0,0,0,0,0.799462968954843,1
0.907509920502369,0.894875394522234,0,0,0.687131688165797,0,0.990810843986877,0.148165160162156,0,0,1
0,0,0,0,0,0.955149558674322,0,0,0,0,0
0,0.556655112289517,0.621328844082584,0.510205928818787,0,0,0,0.252019304052081,0,0,1
0.173339861397139,0.984043179282769,0,0,0,0.212775034271066,0,0,0,0,0
0,0,0,0,0,0,0,0,0.58981536610904,0.989058516153852,1
0.62321829489407,0.968912079434213,0.563847679966973,0,0,0,0,0,0,0,1
0,0,0,0,0,0.106917160203504,0,0.612275363367329,0,0.292337641104777,0
0,0.878264312668716,0,0,0,0.651329702193258,0,0.814823256240266,0.824541196341996,0,1
0.847226410165542,0,0,0,0.172276827563911,0,0,0,0,0.82953565762193,1
0,0.137418711150637,0,0,0.52531788674761,0,0.618511825503424,0.999332917148697,0,0.500047394034448,1
0,0,0,0,0,0.615225044526974,0,0.956169215343087,0,0,1
0,0,0.322404914823061,0,0,0,0,0,0,0,0
0,0,0,0,0.793980361019326,0,0,0,0.855298316120831,0,1
0.171616572698977,0,0,0,0,0,0,0.410901703274857,0.407538317258632,0.092517751556158,0
0,0,0,0,0,0,0,0.961021319425802,0.918686433726478,0,1
0,0,0.340619417648691,0,0,0,0,0.16222632325056,0.484711226976594,0,0
0,0.756089563981262,0.894681774670868,0.58379800772954,0,0,0,0,0.827620053462125,0,1
0,0,0,0.552771925096002,0,0,0.201720360514357,0,0,0.133126635983194,0
0,0.58052994653593,0.376299560551916,0,0,0,0,0,0.321068474551933,0,0
0,0,0.094576669903844,0.068757761379088,0.778398091825087,0,0,0,0.608881918721273,0.191183688775775,1
0,0.085565740267178,0,0,0,0.648738369726457,0,0.285950081265939,0.882010733147058,0,1
0.989972293595289,0,0.436365608656712,0,0.470588780565713,0,0,0.500128368845823,0,0.211683341044511,1
0.371516969267672,0.108690737697696,0,0,0,0.051985481060773,0.002129457483661,0,0,0,0
0,0.749433298084675,0,0,0,0.457112992640912,0,0,0.013592222649135,0,0
0,0,0,0.556179402524625,0,0,0,0,0.193888514512004,0,0
0.481868391246969,0.403795416763255,0,0.523378714699298,0,0.274224309347511,0,0,0,0,1
0,0,0,0.048163780322828,0.945802025275979,0,0.65254570428027,0.764158154480461,0,0,1
0,0,0,0,0.429020917305978,0.949358426550459,0,0.758336413174901,0,0,1
0,0,0,0.400832702850794,0.812129976688915,0.570536078560793,0,0,0.72007127304779,0,1
0,0.917668953268679,0,0,0,0.133445425145809,0,0.111976330884475,0,0,0
0,0,0.239273351375434,0,0,0,0,0,0,0.837120802387273,0
0,0,0.184477024262755,0,0.059471654184994,0,0,0.93490978837125,0,0,0
0,0.972739664435636,0,0.834195745402272,0,0.250833097426745,0.269393591053718,0,0.660201078839582,0.612125540201052,1
0.945482006845636,0,0,0,0,0,0,0,0.64611573229986,0,1
0.066647541332046,0.146439729852375,0,0.014049485826571,0.679010613807819,0.445914881752509,0.865428173953231,0,0.308486057661734,0.892459479294995,1
0,0.715490175495672,0,0,0.954293056207246,0.899847858876919,0,0,0,0,1
0,0.565072461267718,0,0,0,0,0,0.188491558205169,0.382583555976461,0,0
0,0,0.947288581648134,0.246072294753807,0,0,0,0,0.232901763577881,0,1
0,0,0,0.316055331791988,0,0,0,0,0,0.970373230193979,0
0,0,0,0,0,0,0.686694113616979,0.154436197141969,0,0,0
0,0,0.814377906230579,0,0,0.045964063709516,0.595207841556205,0.444087608459104,0.713060363279527,0,1
0,0,0.395141839335779,0.898265152995976,0,0,0,0,0.985146845742803,0,1
0,0,0,0,0,0,0,0,0,0,0
0,0.42562453777454,0,0,0,0,0,0,0.760194146981079,0.113650820587975,0
0,0,0.922278646446617,0,0,0,0.896359415180362,0.058760205580178,0,0,1
0.993324463356025,0,0,0,0,0,0,0.122798196478766,0,0.831137715555293,1
0,0,0.049239335944917,0.177178843011765,0,0,0,0.659407565625524,0.430964330542066,0,0
0,0.455887651502143,0.233839234197496,0,0,0,0,0,0,0,0
0,0,0,0,0.293105111971975,0,0,0.041936961201091,0,0,0
0,0,0,0,0.458717338712337,0.513429050451802,0,0.537458740259657,0.406607573676236,0,1
0,0,0.304068090251308,0,0,0.932083579766276,0.718149325282161,0,0,0,1
0,0,0,0,0,0,0.16442872735245,0.710578787063981,0,0,0
0,0,0.761796984799838,0,0,0.293577391759382,0,0,0,0,0
0,0.897441706160119,0.977384313106909,0,0,0,0,0,0.871781370669,0,1
0,0,0,0,0,0.726369262547249,0,0,0.807694939716593,0,1
0.606612678680336,0.55469345243307,0,0,0,0,0.152231211015863,0,0,0,0
0,0,0,0,0.824742287753015,0.798697372422875,0.415910012833645,0,0,0,1
0,0,0.286465148899466,0,0.463745795934518,0,0,0,0,0,0
0,0,0,0,0.5922263648897,0.731565280173215,0.602841582377935,0.719406983430912,0,0,1
0,0,0.807388961812135,0,0,0.577956773169189,0,0,0,0,0
0,0.64041612554962,0,0,0.377239431343375,0,0,0.16361583613592,0,0,0
0.224453216991211,0.302605356799157,0.565634671107766,0,0,0,0,0,0,0,0
0.150072967863547,0.949788925247527,0.170968579478978,0,0,0.740222620810352,0,0.201631188605166,0,0,1
0.712992724602857,0.5718125327918,0.800007826280439,0,0,0,0,0.474861177675787,0.272234537335036,0,1
0.372565576053118,0,0,0,0,0.570248544680126,0.157366238221621,0.656811449126519,0,0.073937091090602,1
0,0,0.074340348511881,0,0,0,0.380951044294714,0,0,0,0
0,0,0,0,0,0,0,0,0,0,0
0,0,0,0,0,0,0,0,0.946030492410805,0,0
0.533253011937099,0,0,0,0.450927465589786,0,0,0,0,0,0
0,0,0,0,0,0.599678956107951,0,0.277551413191354,0.466585069273369,0,0
0.56313191635347,0,0.869544484124951,0,0,0.11543705132911,0.415907429960765,0,0,0,1
0.070795160793155,0,0.091630326943915,0,0.206632360438585,0,0,0.33215045022508,0,0,0
0,0.861614715053663,0,0,0,0,0,0.754854544432228,0.228890809518231,0,1
0.257286716545628,0,0,0.240327500028393,0,0.669185790206155,0,0,0,0,0
0.366489614296989,0,0.217439848293299,0,0.557980162199597,0,0.145285681971152,0.571929885816494,0.40727870096856,0.549870026924784,1
0,0.977854318076444,0.343920336846692,0,0,0,0,0,0,0.602000265792881,1
0,0,0.176967190003828,0,0,0,0,0.075580414168998,0,0,0
0,0,0,0,0,0,0.13381162074124,0,0.796518049734808,0,0
0,0.872859377322878,0,0,0,0,0,0,0,0.955547225756775,1
0,0,0,0,0.0605319275033,0,0.160451001439446,0,0,0,0
0,0,0,0.307488907497832,0,0,0.066033210078094,0,0,0,0
0.023985948954013,0.174908368932205,0,0.386549167872761,0.887907243338262,0,0,0,0,0,1
0.681834205348265,0,0,0,0.460919662459021,0,0,0,0,0.765643604149504,1
0,0,0,0,0,0.204402269358889,0.168277111152699,0,0,0,0
0,0,0,0,0.309166285978335,0,0,0,0,0.193919200249847,0
0,0,0,0,0,0,0.822999957838574,0,0.036373101336617,0.930573489426682,1
0.444219325365376,0.983295848563494,0.220933039978339,0.073930871632336,0.872463664493452,0,0,0,0.630406967364395,0.487853584118971,1
0,0,0,0,0.899037890527567,0,0,0,0,0,0
0.01269821855781,0,0,0.757276301094695,0.836911886862072,0.918338034525736,0,0,0.679089231373727,0.351635607797206,1
0,0.679259896481348,0,0.92432679997133,0.65675633372657,0,0,0.734560545657558,0.487363783675131,0,1
0,0.501046142608448,0,0,0.501091248830869,0,0,0,0,0,0
0,0,0.00299926526447,0,0,0.536992968253928,0.246065750336487,0,0.911169230220649,0.788298621503916,1
0,0,0,0.625332080880237,0.700268921805697,0,0,0.006505918151653,0,0,0
0.840080181457734,0.519326807124193,0,0,0,0,0,0.482403751505649,0.936574462893073,0.238091200959843,1
0.823325360962531,0,0,0.319121574021879,0,0.126630801492382,0,0,0,0,0
0,0,0,0,0.649715629562993,0.817289164518261,0,0,0,0.724661465445112,1
0.591342140004447,0,0.968466901285235,0,0.989327988810832,0,0,0.204125115388598,0.846023508064807,0,1
0.537163402533415,0.372990485000418,0,0,0,0.108666171219417,0,0,0,0,0
0,0,0,0.004993806553079,0,0,0,0,0,0,0
0,0.453833783372396,0,0,0,0,0,0,0,0,0
0,0,0.604863479057312,0,0,0,0.15408123547311,0,0,0.410567122844144,0
0,0,0,0,0.524096644435055,0,0,0.486760022156186,0.249723048048771,0,0
0.776569552456997,0,0,0.380672605160218,0,0,0.714938933633995,0,0.813719261370532,0,1
0,0,0.787043134335954,0,0,0,0,0,0,0,0
0,0.797152867454385,0,0.069358375268973,0,0,0.607942491457289,0,0,0.705226676899221,1
0,0.29374644013826,0,0.044193268533523,0,0,0,0,0.551155545462863,0.456927575242664,0
0,0.909440362801719,0,0,0.242552332312369,0.761009302612505,0.171939994050375,0,0,0,1
0.678707284673994,0,0,0,0.130073464732542,0,0,0,0,0.089897916589874,0
0,0,0,0,0.937105074162536,0.9818989937576,0,0,0.840492125774004,0,1
0,0,0.726222683341808,0,0.302518753484081,0,0,0.257494138911104,0,0,0
0.077868920156714,0,0,0,0.196424584197221,0.737551690686107,0,0.683949315842434,0,0,1
0.043566918733585,0.841509854504439,0,0,0,0.754286283279268,0.073810945904201,0.13980507085609,0.980897596928052,0.77174855409533,1
0,0.213386840465303,0.727713228684896,0.911106424420171,0.91116504663714,0.896046278551614,0,0,0,0,1
0,0,0,0.035312200811534,0.861204888375778,0,0,0,0,0,0
0.567533066813202,0,0,0,0,0.755223560054851,0,0,0,0,0
0,0,0,0,0,0,0,0.788129454629344,0.151992574252327,0.216387882066141,0
0.780704101399101,0.179276007768833,0,0,0,0.166974186595205,0,0,0,0.193659137692583,0
0,0.045187038378873,0.449786064718616,0,0,0,0,0,0,0,0
0,0,0,0,0,0,0,0.439834059986305,0,0,0
0,0,0,0,0,0,0.232646368542614,0.110872824488538,0,0,0
0,0.849715448859883,0,0.156847804077775,0,0,0,0.613242216912805,0,0,1
0.61855336956677,0.563991041947197,0.774272221935752,0.048108078275204,0.689779148246063,0,0,0.92989508700484,0,0,1
0.555137110193087,0,0,0.964576128015297,0,0.865566922313005,0,0.642931136471026,0,0,1
0,0,0,0,0.543750041789469,0,0,0,0.719901093630977,0,0
0,0.569400973834242,0.888417066358472,0,0.24678104901793,0,0,0,0,0,1
0,0,0.672303193540337,0,0,0,0.601713005749686,0,0.153040505682172,0.551500788171225,1
0.144634924375711,0,0,0.018140534915855,0,0,0,0,0,0,0
0,0,0.070450228042901,0,0.081255882359892,0,0,0.279840210177714,0,0,0
0.243466442278159,0.38315350192177,0,0,0,0.16243832917046,0,0,0,0.947545529096059,1
0.277230385901406,0,0,0.121106070228883,0,0,0.504636938072456,0,0,0,0
0.911287305515005,0,0,0.300681671726722,0.184398430628224,0,0.003715814545749,0.048351664360354,0,0,1
0,0,0,0,0,0.404392732964002,0,0,0,0,0
